Model,Dataset,Venue,Year,Paper_MAE,Paper_RMSE,Paper_MAPE,Test_MAE,Test_RMSE,Test_MAPE,exp_id,Test_Status,Migration_Status,Tuning_Status,Runtime_s,MAE_Diff,MAE_Diff%,RMSE_Diff,RMSE_Diff%
DSTAGNN,PEMSD4,ICML,2022,19.3,31.46,12.7,21.80938720703125,34.05995178222656,0.1563246548175811,94545.0,Success,success,N/A,3690.45717,2.5093872070312493,13.002006254047924,2.5999517822265616,8.264309542996063
RSTIB,PEMSD7,ICML,2025,19.84,33.9,8.33,,,,61952.0,Failed,exists,N/A,7.768078,,,,
STDMAE,METR_LA,IJCAI,2024,3.4,9.59,7.07,3.591061592102051,7.444026470184326,0.1048597022891044,89632.0,Success,success,N/A,5597.707056,0.19106159210205087,5.61945859123679,-2.1459735298156737,-22.377200519454366
LSTTN,METR_LA,Knowledge-Based Systems,2024,2.96,5.92,7.93,,,,,Not Run,"failed: 2026-01-29 21:16:15 | INFO | === Workflow: migration ===
2026-01-29 21:16:15 | INFO | Starting multi-agent stage: Model Migration (migration)
2026-01-29 21:16:20 | INFO | Assistant: I'll begin the migration workflow for LSTTN by delegating to the repo-cloner agent.
2026-01-29 21:16:25 | INFO | Tool Task called with {'subagent_type': 'repo-cloner', 'description': 'Clone LSTTN repository', 'prompt': 'Clone and analyze the LSTTN repository for migration to LibCity.\n\nRepository URL: https://github.com/GeoX-Lab/LSTTN\nModel Name: LSTTN\n\nYour tasks:\n1. Clone the repository to ./repos/LSTTN\n2. Analyze the file structure to identify:\n   - Main model class files\n   - Training/evaluation scripts\n   - Configuration files\n   - Dependencies (requirements.txt, setup.py, etc.)\n3. Locate the LSTTN model class definition\n4. Identify key components needed for LibCity migration:\n   - Model architecture files\n   - Data loading mechanisms\n   - Hyperparameter configurations\n5. Report your findings including:\n   - Repository structure overview\n   - Location of model class(es)\n   - Dependencies list\n   - Any special data preprocessing requirements\n   - Recommended files to migrate'}
2026-01-29 21:16:25 | INFO | Assistant: Clone and analyze the LSTTN repository for migration to LibCity.

Repository URL: https://github.com/GeoX-Lab/LSTTN
Model Name: LSTTN

Your tasks:
1. Clone the repository to ./repos/LSTTN
2. Analyze the file structure to identify:
   - Main model class files
   - Training/evaluation scripts
   - Configuration files
   - Dependencies (requirements.txt, setup.py, etc.)
3. Locate the LSTTN model class definition
4. Identify key components needed for LibCity migration:
   - Model architecture files
   - Data loading mechanisms
   - Hyperparameter configurations
5. Report your findings including:
   - Repository structure overview
   - Location of model class(es)
   - Dependencies list
   - Any special data preprocessing requirements
   - Recommended files to migrate
2026-01-29 21:16:28 | INFO | Tool Bash called with {'command': 'git clone --depth=1 https://github.com/GeoX-Lab/LSTTN ./repos/LSTTN 2>&1', 'description': 'Clone LSTTN repository with shallow copy'}
2026-01-29 21:18:03 | INFO | Tool Bash called with {'command': 'git clone --depth=1 https://github.com/GeoX-Lab/LSTTN ./repos/LSTTN 2>&1', 'description': 'Clone LSTTN repository', 'timeout': 30000}
2026-01-29 21:18:09 | INFO | Tool Bash called with {'command': 'ls -la ./repos/LSTTN/ 2>&1 | head -30', 'description': 'Check if LSTTN repository was cloned successfully'}
2026-01-29 21:18:12 | INFO | Tool Read called with {'file_path': '/home/wangwenrui/shk/AgentCity/repos/LSTTN/README.md'}
2026-01-29 21:18:12 | INFO | Tool Read called with {'file_path': '/home/wangwenrui/shk/AgentCity/repos/LSTTN/requirements.txt'}
2026-01-29 21:18:13 | INFO | Tool Read called with {'file_path': '/home/wangwenrui/shk/AgentCity/repos/LSTTN/main.py'}
2026-01-29 21:18:13 | INFO | Tool Bash called with {'command': 'find /home/wangwenrui/shk/AgentCity/repos/LSTTN -type f -name ""*.py"" | head -20', 'description': 'Find all Python files in repository'}
2026-01-29 21:18:15 | INFO | Tool Read called with {'file_path': '/home/wangwenrui/shk/AgentCity/repos/LSTTN/models/lsttn.py'}
2026-01-29 21:18:15 | INFO | Tool Read called with {'file_path': '/home/wangwenrui/shk/AgentCity/repos/LSTTN/runners/lsttn.py'}
2026-01-29 21:18:15 | INFO | Tool Read called with {'file_path': '/home/wangwenrui/shk/AgentCity/repos/LSTTN/utils/load_data.py'}
2026-01-29 21:18:15 | INFO | Tool Read called with {'file_path': '/home/wangwenrui/shk/AgentCity/repos/LSTTN/utils/datasets.py'}
2026-01-29 21:18:18 | INFO | Tool Read called with {'file_path': '/home/wangwenrui/shk/AgentCity/repos/LSTTN/models/transformer.py', 'limit': 100}
2026-01-29 21:18:18 | INFO | Tool Read called with {'file_path': '/home/wangwenrui/shk/AgentCity/repos/LSTTN/models/graph_wavenet.py', 'limit': 80}
2026-01-29 21:18:18 | INFO | Tool Bash called with {'command': 'ls -la /home/wangwenrui/shk/AgentCity/repos/LSTTN/configs/', 'description': 'List configuration directories'}
2026-01-29 21:18:19 | INFO | Tool Read called with {'file_path': '/home/wangwenrui/shk/AgentCity/repos/LSTTN/configs/PEMS04/forecasting.py'}
2026-01-29 21:18:22 | INFO | Tool Bash called with {'command': 'find /home/wangwenrui/shk/AgentCity/repos/LSTTN -type f -name ""*.py"" | sort', 'description': 'List all Python files with full paths'}
2026-01-29 21:18:23 | INFO | Tool Read called with {'file_path': '/home/wangwenrui/shk/AgentCity/repos/LSTTN/utils/metrics.py'}
2026-01-29 21:18:23 | INFO | Tool Bash called with {'command': 'ls -la /home/wangwenrui/shk/AgentCity/repos/LSTTN/utils/', 'description': 'List utility files'}
2026-01-29 21:18:25 | INFO | Tool Read called with {'file_path': '/home/wangwenrui/shk/AgentCity/repos/LSTTN/utils/__init__.py'}
2026-01-29 21:18:25 | INFO | Tool Read called with {'file_path': '/home/wangwenrui/shk/AgentCity/repos/LSTTN/utils/log.py'}
2026-01-29 21:18:26 | INFO | Tool Read called with {'file_path': '/home/wangwenrui/shk/AgentCity/repos/LSTTN/utils/adj_mx.py'}
2026-01-29 21:18:26 | INFO | Tool Read called with {'file_path': '/home/wangwenrui/shk/AgentCity/repos/LSTTN/runners/transformer.py', 'limit': 80}
2026-01-29 21:18:30 | INFO | Tool Bash called with {'command': 'cd /home/wangwenrui/shk/AgentCity/repos/LSTTN && git log --oneline -5', 'description': 'Check latest commits in LSTTN repository'}
2026-01-29 21:18:30 | INFO | Tool Bash called with {'command': 'cd /home/wangwenrui/shk/AgentCity/repos/LSTTN && git remote -v', 'description': 'Check remote origin of LSTTN repository'}
2026-01-29 21:19:03 | INFO | Assistant: Excellent! The repo-cloner has successfully analyzed the LSTTN repository. Now I'll proceed to Phase 2: Model Adaptation.
2026-01-29 21:19:13 | INFO | Tool Task called with {'description': 'Adapt LSTTN model to LibCity', 'prompt': ""Adapt the LSTTN model to LibCity conventions based on the cloned repository analysis.\n\n**Source Repository**: ./repos/LSTTN\n**LibCity Path**: Bigscity-LibCity\n\n**Key Files to Adapt**:\n1. Main model: ./repos/LSTTN/models/lsttn.py (LSTTN class)\n2. Transformer component: ./repos/LSTTN/models/transformer.py\n3. GraphWaveNet backbone: ./repos/LSTTN/models/graph_wavenet.py\n\n**Model Architecture Details**:\n- LSTTN combines long-term trends, periodic features, and short-term patterns\n- Uses StackedDilatedConv for trends, DynamicGraphConv for seasonality, GraphWaveNet for short-term features\n- Input: short_x (12 steps), long_x (4032 steps)\n- Output: 12-step predictions\n\n**Your Tasks**:\n1. Create LibCity-compatible model class inheriting from AbstractTrafficStateModel\n2. Place model in: Bigscity-LibCity/libcity/model/traffic_flow_prediction/LSTTN.py\n3. Adapt the forward() method to LibCity's batch format (batch['X'] and batch['y'])\n4. Implement predict() and calculate_loss() methods per LibCity conventions\n5. Handle data transformations:\n   - LibCity batch format: (batch_size, input_window, num_nodes, feature_dim)\n   - Extract short and long sequences from batch['X']\n   - Use self._scaler from data_feature for normalization\n6. Copy supporting model components (Transformer, GraphWaveNet) as helper classes or separate files\n7. Register the model in: Bigscity-LibCity/libcity/model/traffic_flow_prediction/__init__.py\n8. Ensure all model parameters can be configured via LibCity's config system\n\n**Critical Adaptations**:\n- Replace easytorch dependencies with PyTorch and LibCity utilities\n- Adapt adjacency matrix loading to LibCity's graph utilities\n- Handle the dual-sequence input (short and long) within LibCity's data framework\n- Maintain original model architecture and logic"", 'subagent_type': 'model-adapter'}
2026-01-29 21:19:14 | INFO | Assistant: Adapt the LSTTN model to LibCity conventions based on the cloned repository analysis.

**Source Repository**: ./repos/LSTTN
**LibCity Path**: Bigscity-LibCity

**Key Files to Adapt**:
1. Main model: ./repos/LSTTN/models/lsttn.py (LSTTN class)
2. Transformer component: ./repos/LSTTN/models/transformer.py
3. GraphWaveNet backbone: ./repos/LSTTN/models/graph_wavenet.py

**Model Architecture Details**:
- LSTTN combines long-term trends, periodic features, and short-term patterns
- Uses StackedDilatedConv for trends, DynamicGraphConv for seasonality, GraphWaveNet for short-term features
- Input: short_x (12 steps), long_x (4032 steps)
- Output: 12-step predictions

**Your Tasks**:
1. Create LibCity-compatible model class inheriting from AbstractTrafficStateModel
2. Place model in: Bigscity-LibCity/libcity/model/traffic_flow_prediction/LSTTN.py
3. Adapt the forward() method to LibCity's batch format (batch['X'] and batch['y'])
4. Implement predict() and calculate_loss() methods per LibCity conventions
5. Handle data transformations:
   - LibCity batch format: (batch_size, input_window, num_nodes, feature_dim)
   - Extract short and long sequences from batch['X']
   - Use self._scaler from data_feature for normalization
6. Copy supporting model components (Transformer, GraphWaveNet) as helper classes or separate files
7. Register the model in: Bigscity-LibCity/libcity/model/traffic_flow_prediction/__init__.py
8. Ensure all model parameters can be configured via LibCity's config system

**Critical Adaptations**:
- Replace easytorch dependencies with PyTorch and LibCity utilities
- Adapt adjacency matrix loading to LibCity's graph utilities
- Handle the dual-sequence input (short and long) within LibCity's data framework
- Maintain original model architecture and logic
2026-01-29 21:19:17 | INFO | Tool Read called with {'file_path': '/home/wangwenrui/shk/AgentCity/repos/LSTTN/models/lsttn.py'}
2026-01-29 21:19:17 | INFO | Tool Read called with {'file_path': '/home/wangwenrui/shk/AgentCity/repos/LSTTN/models/transformer.py'}
2026-01-29 21:19:18 | INFO | Tool Read called with {'file_path': '/home/wangwenrui/shk/AgentCity/repos/LSTTN/models/graph_wavenet.py'}
2026-01-29 21:19:23 | INFO | Tool Glob called with {'pattern': '**/abstract_traffic_state_model.py', 'path': '/home/wangwenrui/shk/AgentCity/Bigscity-LibCity'}
2026-01-29 21:19:24 | INFO | Tool Read called with {'file_path': '/home/wangwenrui/shk/AgentCity/Bigscity-LibCity/libcity/model/traffic_flow_prediction/__init__.py'}
2026-01-29 21:19:25 | INFO | Tool Glob called with {'pattern': '**/configs/**/*.py', 'path': '/home/wangwenrui/shk/AgentCity/repos/LSTTN'}
2026-01-29 21:19:30 | INFO | Tool Read called with {'file_path': '/home/wangwenrui/shk/AgentCity/Bigscity-LibCity/libcity/model/abstract_traffic_state_model.py'}
2026-01-29 21:19:31 | INFO | Tool Read called with {'file_path': '/home/wangwenrui/shk/AgentCity/repos/LSTTN/configs/METR-LA/forecasting.py'}
2026-01-29 21:19:31 | INFO | Tool Read called with {'file_path': '/home/wangwenrui/shk/AgentCity/repos/LSTTN/configs/__init__.py'}
2026-01-29 21:19:35 | INFO | Tool Glob called with {'path': '/home/wangwenrui/shk/AgentCity/repos/LSTTN', 'pattern': '**/runners/*.py'}
2026-01-29 21:19:36 | INFO | Tool Glob called with {'path': '/home/wangwenrui/shk/AgentCity/repos/LSTTN', 'pattern': '**/utils/*.py'}
2026-01-29 21:19:36 | INFO | Tool Read called with {'file_path': '/home/wangwenrui/shk/AgentCity/Bigscity-LibCity/libcity/model/abstract_model.py'}
2026-01-29 21:19:41 | INFO | Tool Read called with {'file_path': '/home/wangwenrui/shk/AgentCity/repos/LSTTN/runners/lsttn.py'}
2026-01-29 21:19:42 | INFO | Tool Read called with {'file_path': '/home/wangwenrui/shk/AgentCity/repos/LSTTN/utils/load_data.py'}
2026-01-29 21:19:42 | INFO | Tool Read called with {'file_path': '/home/wangwenrui/shk/AgentCity/repos/LSTTN/utils/datasets.py'}
2026-01-29 21:19:47 | INFO | Tool Read called with {'file_path': '/home/wangwenrui/shk/AgentCity/Bigscity-LibCity/libcity/model/traffic_flow_prediction/STGODE.py'}
2026-01-29 21:19:48 | INFO | Tool Glob called with {'path': '/home/wangwenrui/shk/AgentCity/Bigscity-LibCity/libcity/config/model/traffic_state_pred', 'pattern': '*.json'}
2026-01-29 21:19:54 | INFO | Tool Read called with {'file_path': '/home/wangwenrui/shk/AgentCity/Bigscity-LibCity/libcity/config/model/traffic_state_pred/STGODE.json'}
2026-01-29 21:19:55 | INFO | Tool Read called with {'file_path': '/home/wangwenrui/shk/AgentCity/Bigscity-LibCity/libcity/model/loss.py'}
2026-01-29 21:19:56 | INFO | Tool Read called with {'file_path': '/home/wangwenrui/shk/AgentCity/Bigscity-LibCity/libcity/executor/traffic_state_executor.py', 'limit': 100}
2026-01-29 21:20:01 | INFO | Tool Read called with {'file_path': '/home/wangwenrui/shk/AgentCity/Bigscity-LibCity/libcity/executor/traffic_state_executor.py', 'offset': 100, 'limit': 100}
2026-01-29 21:20:02 | INFO | Tool Read called with {'file_path': '/home/wangwenrui/shk/AgentCity/Bigscity-LibCity/libcity/config/model/traffic_state_pred/GWNET.json'}
2026-01-29 21:20:03 | INFO | Tool Grep called with {'pattern': 'adj_mx', 'path': '/home/wangwenrui/shk/AgentCity/Bigscity-LibCity/libcity/model/traffic_flow_prediction', 'output_mode': 'content', 'head_limit': 30}
2026-01-29 21:20:10 | INFO | Tool Glob called with {'path': '/home/wangwenrui/shk/AgentCity/Bigscity-LibCity', 'pattern': '**/traffic_speed_prediction/GWNET*'}
2026-01-29 21:20:11 | INFO | Tool Read called with {'file_path': '/home/wangwenrui/shk/AgentCity/repos/LSTTN/utils/adj_mx.py'}
2026-01-29 21:20:11 | INFO | Tool Read called with {'file_path': '/home/wangwenrui/shk/AgentCity/repos/LSTTN/configs/PEMS04/forecasting.py'}
2026-01-29 21:20:18 | INFO | Tool Read called with {'file_path': '/home/wangwenrui/shk/AgentCity/Bigscity-LibCity/libcity/model/traffic_speed_prediction/GWNET.py'}
2026-01-29 21:20:23 | INFO | Tool Read called with {'file_path': '/home/wangwenrui/shk/AgentCity/repos/LSTTN/configs/PEMS08/forecasting.py'}
2026-01-29 21:20:24 | INFO | Tool Read called with {'file_path': '/home/wangwenrui/shk/AgentCity/repos/LSTTN/configs/PEMS-BAY/forecasting.py'}
2026-01-29 21:22:51 | INFO | Tool Write called with {'file_path': '/home/wangwenrui/shk/AgentCity/Bigscity-LibCity/libcity/model/traffic_flow_prediction/LSTTN.py', 'content': '""""""\nLSTTN (Long Short-Term Transformer Network) for traffic flow prediction.\n\nAdapted from: https://github.com/changjiangyu/LSTTN\nOriginal paper: ""LSTTN: Long Short-Term Transformer-based Network for\n                Traffic Flow Forecasting""\n\nArchitecture overview:\n  - Combines long-term trends, periodic/seasonal features, and short-term\n    patterns for multi-step traffic forecasting.\n  - Uses StackedDilatedConv for extracting long-term trend features.\n  - Uses DynamicGraphConv for extracting weekly and daily seasonality features.\n  - Uses a GraphWaveNet backbone for short-term spatiotemporal features.\n  - A frozen pretrained Transformer encodes long historical sequences into\n    patch-level representations consumed by the trend and seasonality branches.\n  - The final prediction fuses trend, seasonality, and short-term features\n    through an MLP.\n\nKey adaptations for LibCity:\n  - Inherits from AbstractTrafficStateModel.\n  - Reads adjacency matrix from data_feature[\'adj_mx\'] and constructs\n    doubletransition supports internally.\n  - All hyperparameters are read from LibCity\'s config system.\n  - batch[\'X\'] has shape (batch, input_window, num_nodes, feature_dim).\n    The model slices short_x (last short_seq_len steps) and long_x (all\n    input_window steps) from this tensor.  The caller must set input_window\n    equal to long_seq_len (default 4032) so that the full long history is\n    available.\n  - batch[\'y\'] has shape (batch, output_window, num_nodes, output_dim).\n  - Normalization/denormalization is handled via self._scaler.\n  - The pretrained Transformer path is configurable via \'pretrained_transformer_path\'.\n    If left empty the Transformer encoder is trained from scratch jointly with the\n    rest of the model (weights are not frozen).\n""""""\n\nimport os\nimport math\nimport random\nimport numpy as np\nimport scipy.sparse as sp\n\nimport torch\nimport torch.nn as nn\nimport torch.nn.functional as F\nfrom torch.nn import TransformerEncoder, TransformerEncoderLayer\nfrom torch.nn.init import trunc_normal_\n\nfrom logging import getLogger\nfrom libcity.model.abstract_traffic_state_model import AbstractTrafficStateModel\nfrom libcity.model import loss\n\n\n# ---------------------------------------------------------------------------\n# Adjacency matrix utilities (doubletransition)\n# ---------------------------------------------------------------------------\n\ndef _asym_adj(adj):\n    """"""Row-normalize an adjacency matrix (transition matrix).""""""\n    adj = sp.coo_matrix(adj)\n    rowsum = np.array(adj.sum(1)).flatten()\n    d_inv = np.power(rowsum, -1).flatten()\n    d_inv[np.isinf(d_inv)] = 0.0\n    d_mat = sp.diags(d_inv)\n    return d_mat.dot(adj).astype(np.float32).todense()\n\n\ndef _build_doubletransition_supports(adj_mx):\n    """"""\n    Build forward and backward transition matrices from a raw adjacency\n    matrix, matching the original LSTTN \'doubletransition\' processing.\n    Returns a list of two numpy arrays.\n    """"""\n    return [_asym_adj(adj_mx), _asym_adj(np.transpose(adj_mx))]\n\n\n# ---------------------------------------------------------------------------\n# Transformer sub-components\n# ---------------------------------------------------------------------------\n\nclass InputEmbedding(nn.Module):\n    """"""Patch-based input embedding using a 2-D convolution.""""""\n    def __init__(self, patch_size, input_channel, output_channel):\n        super().__init__()\n        self.output_channel = output_channel\n        self.patch_size = patch_size\n        self.input_channel = input_channel\n        self.input_embedding = nn.Conv2d(\n            input_channel, output_channel,\n            kernel_size=(self.patch_size, 1),\n            stride=(self.patch_size, 1)\n        )\n\n    def forward(self, x):\n        # x: (batch, num_nodes, num_channels, long_seq_len)\n        batch_size, num_nodes, num_channels, long_seq_len = x.size()\n        x = x.unsqueeze(-1)\n        x = x.reshape(batch_size * num_nodes, num_channels, long_seq_len, 1)\n        out = self.input_embedding(x)\n        out = out.squeeze(-1).view(batch_size, num_nodes, self.output_channel, -1)\n        return out\n\n\nclass LearnableTemporalPositionalEncoding(nn.Module):\n    def __init__(self, d_model, dropout=0.1, max_len=1000):\n        super().__init__()\n        self.dropout = nn.Dropout(p=dropout)\n        self.pe = nn.Parameter(torch.empty(max_len, d_model), requires_grad=True)\n        nn.init.uniform_(self.pe, -0.02, 0.02)\n\n    def forward(self, x, indices):\n        if indices is None:\n            pe = self.pe[:x.size(1), :].unsqueeze(0)\n        else:\n            pe = self.pe[indices].unsqueeze(0)\n        x = x + pe\n        x = self.dropout(x)\n        return x\n\n\nclass PositionalEncoding(nn.Module):\n    def __init__(self, hidden_dim, dropout=0.1):\n        super().__init__()\n        self.tem_pe = LearnableTemporalPositionalEncoding(hidden_dim, dropout)\n\n    def forward(self, x, indices=None):\n        batch_size, num_nodes, num_subseq, out_channels = x.size()\n        x = self.tem_pe(\n            x.view(batch_size * num_nodes, num_subseq, out_channels),\n            indices=indices\n        )\n        x = x.view(batch_size, num_nodes, num_subseq, out_channels)\n        return x\n\n\nclass TransformerLayers(nn.Module):\n    def __init__(self, hidden_dim, num_layers, num_heads=4, dropout=0.1):\n        super().__init__()\n        self.d_model = hidden_dim\n        encoder_layers = TransformerEncoderLayer(\n            hidden_dim, num_heads, hidden_dim * 4, dropout,\n            batch_first=False\n        )\n        self.transformer_encoder = TransformerEncoder(encoder_layers, num_layers)\n\n    def forward(self, x):\n        batch_size, num_nodes, num_subseq, out_channels = x.size()\n        x = x * math.sqrt(self.d_model)\n        x = x.view(batch_size * num_nodes, num_subseq, out_channels)\n        x = x.transpose(0, 1)\n        out = self.transformer_encoder(x, mask=None)\n        out = out.transpose(0, 1).view(batch_size, num_nodes, num_subseq, out_channels)\n        return out\n\n\nclass MaskGenerator(nn.Module):\n    """"""Generates random mask indices for masked pre-training.""""""\n    def __init__(self, mask_size, mask_ratio):\n        super().__init__()\n        self.mask_size = int(mask_size)\n        self.mask_ratio = mask_ratio\n        self.sort = True\n\n    def uniform_rand(self):\n        mask = list(range(self.mask_size))\n        random.shuffle(mask)\n        mask_len = int(self.mask_size * self.mask_ratio)\n        masked_tokens = mask[:mask_len]\n        unmasked_tokens = mask[mask_len:]\n        if self.sort:\n            masked_tokens = sorted(masked_tokens)\n            unmasked_tokens = sorted(unmasked_tokens)\n        return unmasked_tokens, masked_tokens\n\n    def forward(self):\n        unmasked_tokens, masked_tokens = self.uniform_rand()\n        return unmasked_tokens, masked_tokens\n\n\nclass LSTTNTransformer(nn.Module):\n    """"""\n    Transformer encoder used to produce patch-level representations from\n    long historical sequences.  Supports both pretrain and inference modes.\n    In LibCity integration the model is used in inference mode only.\n    """"""\n    def __init__(\n        self, patch_size, in_channel, out_channel, dropout,\n        mask_size, mask_ratio, num_encoder_layers=6, mode=""inference""\n    ):\n        super().__init__()\n        self.patch_size = patch_size\n        self.selected_feature = 0\n        self.mode = mode\n        self.patch = InputEmbedding(patch_size, in_channel, out_channel)\n        self.pe = PositionalEncoding(out_channel, dropout=dropout)\n        self.mask = MaskGenerator(mask_size, mask_ratio)\n        self.encoder = TransformerLayers(out_channel, num_encoder_layers)\n        self.encoder_2_decoder = nn.Linear(out_channel, out_channel)\n        self.decoder = TransformerLayers(out_channel, 1)\n        self.mask_token = nn.Parameter(torch.zeros(1, 1, 1, out_channel))\n        trunc_normal_(self.mask_token, std=0.02)\n        self.output_layer = nn.Linear(out_channel, patch_size)\n\n    def _forward_pretrain(self, x):\n        batch_size, num_nodes, num_features, long_seq_len = x.size()\n        patches = self.patch(x)\n        patches = patches.transpose(-1, -2)\n        patches = self.pe(patches)\n\n        indices_not_masked, indices_masked = self.mask()\n        repr_not_masked = patches[:, :, indices_not_masked, :]\n        hidden_not_masked = self.encoder(repr_not_masked)\n        hidden_not_masked = self.encoder_2_decoder(hidden_not_masked)\n        hidden_masked = self.pe(\n            self.mask_token.expand(\n                batch_size, num_nodes, len(indices_masked),\n                hidden_not_masked.size(-1)\n            ),\n            indices=indices_masked\n        )\n        hidden = torch.cat([hidden_not_masked, hidden_masked], dim=-2)\n        hidden = self.decoder(hidden)\n\n        output = self.output_layer(hidden)\n        output_masked = output[:, :, len(indices_not_masked):, :]\n        output_masked = output_masked.view(batch_size, num_nodes, -1).transpose(1, 2)\n\n        labels = (\n            x.permute(0, 3, 1, 2)\n            .unfold(1, self.patch_size, self.patch_size)[:, :, :, self.selected_feature, :]\n            .transpose(1, 2)\n        )\n        labels_masked = labels[:, :, indices_masked, :].contiguous()\n        labels_masked = labels_masked.view(batch_size, num_nodes, -1).transpose(1, 2)\n        return output_masked, labels_masked\n\n    def _forward_backend(self, x):\n        patches = self.patch(x)\n        patches = patches.transpose(-1, -2)\n        patches = self.pe(patches)\n        hidden = self.encoder(patches)\n        return hidden\n\n    def forward(self, input_data):\n        if self.mode == ""pretrain"":\n            return self._forward_pretrain(input_data)\n        else:\n            return self._forward_backend(input_data)\n\n\n# ---------------------------------------------------------------------------\n# GraphWaveNet backbone (short-term spatiotemporal feature extractor)\n# ---------------------------------------------------------------------------\n\nclass _NConv(nn.Module):\n    """"""Neighbourhood convolution (graph convolution via einsum).""""""\n    def __init__(self):\n        super().__init__()\n\n    def forward(self, x, A):\n        A = A.to(x.device)\n        if len(A.shape) == 3:\n            x = torch.einsum(""ncvl,nvw->ncwl"", (x, A))\n        else:\n            x = torch.einsum(""ncvl,vw->ncwl"", (x, A))\n        return x.contiguous()\n\n\nclass _Linear(nn.Module):\n    def __init__(self, c_in, c_out):\n        super().__init__()\n        self.mlp = nn.Conv2d(\n            c_in, c_out,\n            kernel_size=(1, 1), padding=(0, 0), stride=(1, 1), bias=True\n        )\n\n    def forward(self, x):\n        return self.mlp(x)\n\n\nclass _GCN(nn.Module):\n    """"""Graph convolution used inside GraphWaveNet.""""""\n    def __init__(self, c_in, c_out, dropout, support_len=3, order=2):\n        super().__init__()\n        self.nconv = _NConv()\n        c_in = (order * support_len + 1) * c_in\n        self.mlp = _Linear(c_in, c_out)\n        self.dropout = dropout\n        self.order = order\n\n    def forward(self, x, support):\n        out = [x]\n        for a in support:\n            a = a.to(x.device)\n            x1 = self.nconv(x, a)\n            out.append(x1)\n            for k in range(2, self.order + 1):\n                x2 = self.nconv(x1, a)\n                out.append(x2)\n                x1 = x2\n        h = torch.cat(out, dim=1)\n        h = self.mlp(h)\n        h = F.dropout(h, self.dropout, training=self.training)\n        return h\n\n\nclass _GraphWaveNet(nn.Module):\n    """"""\n    GraphWaveNet backbone for short-term spatiotemporal feature extraction.\n    This is an internal helper class -- not registered as a standalone\n    LibCity model.\n    """"""\n    def __init__(\n        self, num_nodes, supports,\n        dropout=0.3, gcn_bool=True, addaptadj=True, aptinit=None,\n        in_dim=2, out_dim=12,\n        residual_channels=32, dilation_channels=32,\n        skip_channels=256, end_channels=512,\n        kernel_size=2, blocks=4, layers=2,\n        **kwargs\n    ):\n        super().__init__()\n        self.dropout = dropout\n        self.blocks = blocks\n        self.layers = layers\n        self.gcn_bool = gcn_bool\n        self.addaptadj = addaptadj\n\n        self.filter_convs = nn.ModuleList()\n        self.gate_convs = nn.ModuleList()\n        self.residual_convs = nn.ModuleList()\n        self.skip_convs = nn.ModuleList()\n        self.bn = nn.ModuleList()\n        self.gconv = nn.ModuleList()\n        self.start_conv = nn.Conv2d(\n            in_channels=in_dim, out_channels=residual_channels,\n            kernel_size=(1, 1)\n        )\n        self.supports = supports\n\n        receptive_field = 1\n\n        self.supports_len = 0\n        if supports is not None:\n            self.supports_len += len(supports)\n\n        if gcn_bool and addaptadj:\n            if aptinit is None:\n                if supports is None:\n                    self.supports = []\n                self.nodevec1 = nn.Parameter(\n                    torch.randn(num_nodes, 10), requires_grad=True\n                )\n                self.nodevec2 = nn.Parameter(\n                    torch.randn(10, num_nodes), requires_grad=True\n                )\n                self.supports_len += 1\n            else:\n                if supports is None:\n                    self.supports = []\n                m, p, n = torch.svd(aptinit)\n                initemb1 = torch.mm(m[:, :10], torch.diag(p[:10] ** 0.5))\n                initemb2 = torch.mm(torch.diag(p[:10] ** 0.5), n[:, :10].t())\n                self.nodevec1 = nn.Parameter(initemb1, requires_grad=True)\n                self.nodevec2 = nn.Parameter(initemb2, requires_grad=True)\n                self.supports_len += 1\n\n        for b in range(blocks):\n            additional_scope = kernel_size - 1\n            new_dilation = 1\n            for i in range(layers):\n                self.filter_convs.append(\n                    nn.Conv2d(\n                        in_channels=residual_channels,\n                        out_channels=dilation_channels,\n                        kernel_size=(1, kernel_size),\n                        dilation=new_dilation,\n                    )\n                )\n                self.gate_convs.append(\n                    nn.Conv2d(\n                        in_channels=residual_channels,\n                        out_channels=dilation_channels,\n                        kernel_size=(1, kernel_size),\n                        dilation=new_dilation,\n                    )\n                )\n                self.residual_convs.append(\n                    nn.Conv1d(\n                        in_channels=dilation_channels,\n                        out_channels=residual_channels,\n                        kernel_size=(1, 1),\n                    )\n                )\n                self.skip_convs.append(\n                    nn.Conv2d(\n                        in_channels=dilation_channels,\n                        out_channels=skip_channels,\n                        kernel_size=(1, 1),\n                    )\n                )\n                self.bn.append(nn.BatchNorm2d(residual_channels))\n                new_dilation *= 2\n                receptive_field += additional_scope\n                additional_scope *= 2\n                if self.gcn_bool:\n                    self.gconv.append(\n                        _GCN(\n                            dilation_channels, residual_channels,\n                            dropout, support_len=self.supports_len\n                        )\n                    )\n\n        self.end_conv_1 = nn.Conv2d(\n            in_channels=skip_channels, out_channels=end_channels,\n            kernel_size=(1, 1), bias=True\n        )\n        self.end_conv_2 = nn.Conv2d(\n            in_channels=end_channels, out_channels=out_dim,\n            kernel_size=(1, 1), bias=True\n        )\n        self.receptive_field = receptive_field\n\n    def forward(self, x):\n        # x: (batch, num_features, num_nodes, seq_len)\n        x = F.pad(x, (1, 0, 0, 0))\n        x = x[:, :2, :, :]\n        in_len = x.size(3)\n        if in_len < self.receptive_field:\n            x = F.pad(x, (self.receptive_field - in_len, 0, 0, 0))\n        x = self.start_conv(x)\n        skip = 0\n\n        new_supports = None\n        if self.gcn_bool and self.addaptadj and self.supports is not None:\n            adp = F.softmax(\n                F.relu(torch.mm(self.nodevec1, self.nodevec2)), dim=1\n            )\n            new_supports = self.supports + [adp]\n\n        for i in range(self.blocks * self.layers):\n            residual = x\n            filt = self.filter_convs[i](residual)\n            filt = torch.tanh(filt)\n            gate = self.gate_convs[i](residual)\n            gate = torch.sigmoid(gate)\n            x = filt * gate\n\n            s = x\n            s = self.skip_convs[i](s)\n            try:\n                skip = skip[:, :, :, -s.size(3):]\n            except Exception:\n                skip = 0\n            skip = s + skip\n\n            if self.gcn_bool and self.supports is not None:\n                if self.addaptadj:\n                    x = self.gconv[i](x, new_supports)\n                else:\n                    x = self.gconv[i](x, self.supports)\n            else:\n                x = self.residual_convs[i](x)\n\n            x = x + residual[:, :, :, -x.size(3):]\n            x = self.bn[i](x)\n\n        x = F.relu(skip)\n        x = F.relu(self.end_conv_1(x))\n        x = self.end_conv_2(x)\n        return x\n\n\n# ---------------------------------------------------------------------------\n# LSTTN-specific sub-modules\n# ---------------------------------------------------------------------------\n\nclass StackedDilatedConv(nn.Module):\n    """"""\n    Extracts long-term trend features from the Transformer-encoded long\n    historical representation via stacked dilated 1-D convolutions.\n    """"""\n    def __init__(self, input_dim, hidden_dim):\n        super().__init__()\n        self.conv1 = nn.Conv1d(input_dim, hidden_dim, kernel_size=3, stride=2, dilation=1, padding=1)\n        self.pool1 = nn.MaxPool1d(kernel_size=3, stride=2, padding=1)\n        self.conv2 = nn.Conv1d(hidden_dim, hidden_dim, kernel_size=3, stride=2, dilation=2, padding=2)\n        self.pool2 = nn.MaxPool1d(kernel_size=3, stride=2, padding=1)\n        self.conv3 = nn.Conv1d(hidden_dim, hidden_dim, kernel_size=3, stride=2, dilation=4, padding=4)\n        self.pool3 = nn.MaxPool1d(kernel_size=3, stride=2, padding=1)\n        self.conv4 = nn.Conv1d(hidden_dim, hidden_dim, kernel_size=3, stride=2, dilation=8, padding=8)\n        self.pool4 = nn.MaxPool1d(kernel_size=3, stride=2, padding=1)\n\n    def forward(self, x):\n        h = self.conv1(x)\n        h = F.gelu(h)\n        h = self.pool1(h)\n        h = self.conv2(h)\n        h = F.gelu(h)\n        h = self.pool2(h)\n        h = self.conv3(h)\n        h = F.gelu(h)\n        h = self.pool3(h)\n        h = self.conv4(h)\n        h = F.gelu(h)\n        h = self.pool4(h)\n        return h\n\n\nclass DynamicGraphConv(nn.Module):\n    """"""\n    Graph convolution with an adaptive adjacency matrix learned from\n    node embeddings.  Used for weekly and daily seasonality extraction.\n    """"""\n    def __init__(self, num_nodes, input_dim, output_dim, dropout,\n                 support_len=3, order=2):\n        super().__init__()\n        self.node_vec1 = nn.Parameter(torch.randn(num_nodes, 10))\n        self.node_vec2 = nn.Parameter(torch.randn(10, num_nodes))\n        input_dim_expanded = (order * support_len + 1) * input_dim\n        self.linear = nn.Linear(input_dim_expanded, output_dim)\n        self.dropout = nn.Dropout(p=dropout)\n        self.order = order\n\n    def conv(self, x, adj_mx):\n        return torch.einsum(""bnh,nm->bnh"", (x, adj_mx)).contiguous()\n\n    def forward(self, x, supports):\n        outputs = [x]\n        new_supports = list(supports)\n        adaptive = torch.softmax(\n            torch.relu(torch.mm(self.node_vec1, self.node_vec2)), dim=1\n        )\n        new_supports.append(adaptive)\n        for adj_mx in new_supports:\n            adj_mx = adj_mx.to(x.device)\n            x1 = self.conv(x, adj_mx)\n            outputs.append(x1)\n            for k in range(2, self.order + 1):\n                x2 = self.conv(x1, adj_mx)\n                outputs.append(x2)\n                x1 = x2\n        outputs = torch.cat(outputs, dim=2)\n        outputs = self.linear(outputs)\n        outputs = self.dropout(outputs)\n        return outputs\n\n\n# ===========================================================================\n# Main LSTTN model adapted for LibCity\n# ===========================================================================\n\nclass LSTTN(AbstractTrafficStateModel):\n    """"""\n    LSTTN: Long Short-Term Transformer-based Network for Traffic Flow\n    Forecasting, adapted for the LibCity framework.\n\n    Config parameters\n    -----------------\n    input_window : int\n        Total number of historical time steps available in batch[\'X\'].\n        Should be equal to long_seq_len (default 4032) so that the full\n        long history is present.  The last ``short_seq_len`` steps of this\n        window serve as the short-term input, and the entire window serves\n        as the long-term input.\n    output_window : int\n        Number of steps to predict (default 12).\n    short_seq_len : int\n        Length of the short-term input subsequence (default 12).\n    long_seq_len : int\n        Length of the long-term input subsequence (default 4032 = 288*7*2).\n    transformer_hidden_dim : int\n        Hidden dimension of the Transformer encoder (default 64).\n    transformer_dropout : float\n        Dropout in the Transformer encoder (default 0.1).\n    transformer_mask_ratio : float\n        Mask ratio used during pre-training (default 0.75).\n    num_transformer_encoder_layers : int\n        Number of Transformer encoder layers (default 4).\n    long_trend_hidden_dim : int\n        Hidden dim of the StackedDilatedConv trend extractor (default 4).\n    seasonality_hidden_dim : int\n        Hidden dim of the DynamicGraphConv seasonality extractors (default 4).\n    mlp_hidden_dim : int\n        Hidden dim of the fusion MLP (default 128).\n    gwnet_dropout : float\n        Dropout in GraphWaveNet (default 0.3).\n    gwnet_gcn_bool : bool\n        Whether to use GCN in GraphWaveNet (default True).\n    gwnet_addaptadj : bool\n        Whether to use adaptive adjacency in GraphWaveNet (default True).\n    gwnet_in_dim : int\n        Input feature dimension for GraphWaveNet (default 2).\n    gwnet_out_dim : int\n        Output dimension of GraphWaveNet (default 128).\n    gwnet_residual_channels : int (default 32)\n    gwnet_dilation_channels : int (default 32)\n    gwnet_skip_channels : int (default 256)\n    gwnet_end_channels : int (default 512)\n    gwnet_kernel_size : int (default 2)\n    gwnet_blocks : int (default 4)\n    gwnet_layers : int (default 2)\n    model_dropout : float\n        Dropout in DynamicGraphConv modules (default 0.3).\n    adjtype : str\n        Adjacency type -- currently only \'doubletransition\' (default).\n    pretrained_transformer_path : str\n        Path to a pretrained Transformer checkpoint.  If empty or\n        \'none\', the Transformer is trained end-to-end (weights NOT\n        frozen).\n    """"""\n\n    def __init__(self, config, data_feature):\n        super().__init__(config, data_feature)\n\n        self._logger = getLogger()\n        self.device = config.get(\'device\', torch.device(\'cpu\'))\n\n        # ----- data features -----\n        self._scaler = self.data_feature.get(\'scaler\')\n        self.num_nodes = self.data_feature.get(\'num_nodes\', 1)\n        self.feature_dim = self.data_feature.get(\'feature_dim\', 1)\n        self.output_dim = self.data_feature.get(\'output_dim\', 1)\n\n        # ----- sequence dimensions -----\n        self.input_window = config.get(\'input_window\', 4032)\n        self.output_window = config.get(\'output_window\', 12)\n        self.short_seq_len = config.get(\'short_seq_len\', 12)\n        self.long_seq_len = config.get(\'long_seq_len\', 4032)\n        self.pre_len = self.output_window\n\n        # ----- Transformer config -----\n        self.transformer_hidden_dim = config.get(\'transformer_hidden_dim\', 64)\n        self.transformer_dropout = config.get(\'transformer_dropout\', 0.1)\n        self.transformer_mask_ratio = config.get(\'transformer_mask_ratio\', 0.75)\n        self.num_transformer_encoder_layers = config.get(\n            \'num_transformer_encoder_layers\', 4\n        )\n        self.patch_size = self.short_seq_len\n        self.mask_size = self.long_seq_len / self.patch_size\n\n        # ----- LSTTN branch config -----\n        self.long_trend_hidden_dim = config.get(\'long_trend_hidden_dim\', 4)\n        self.seasonality_hidden_dim = config.get(\'seasonality_hidden_dim\', 4)\n        self.mlp_hidden_dim = config.get(\'mlp_hidden_dim\', 128)\n        self.model_dropout = config.get(\'model_dropout\', 0.3)\n\n        # ----- GraphWaveNet config -----\n        self.gwnet_dropout = config.get(\'gwnet_dropout\', 0.3)\n        self.gwnet_gcn_bool = config.get(\'gwnet_gcn_bool\', True)\n        self.gwnet_addaptadj = config.get(\'gwnet_addaptadj\', True)\n        self.gwnet_in_dim = config.get(\'gwnet_in_dim\', 2)\n        self.gwnet_out_dim = config.get(\'gwnet_out_dim\', 128)\n        self.gwnet_residual_channels = config.get(\'gwnet_residual_channels\', 32)\n        self.gwnet_dilation_channels = config.get(\'gwnet_dilation_channels\', 32)\n        self.gwnet_skip_channels = config.get(\'gwnet_skip_channels\', 256)\n        self.gwnet_end_channels = config.get(\'gwnet_end_channels\', 512)\n        self.gwnet_kernel_size = config.get(\'gwnet_kernel_size\', 2)\n        self.gwnet_blocks = config.get(\'gwnet_blocks\', 4)\n        self.gwnet_layers = config.get(\'gwnet_layers\', 2)\n\n        # ----- adjacency / supports -----\n        adj_mx_raw = self.data_feature.get(\'adj_mx\')\n        self.adjtype = config.get(\'adjtype\', \'doubletransition\')\n        adj_list = _build_doubletransition_supports(adj_mx_raw)\n        self.supports = [\n            torch.tensor(a, dtype=torch.float32).to(self.device)\n            for a in adj_list\n        ]\n\n        # ----- build sub-modules -----\n        # Transformer (inference mode: encoder only, no masking)\n        self.transformer = LSTTNTransformer(\n            patch_size=self.patch_size,\n            in_channel=1,\n            out_channel=self.transformer_hidden_dim,\n            dropout=self.transformer_dropout,\n            mask_size=self.mask_size,\n            mask_ratio=self.transformer_mask_ratio,\n            num_encoder_layers=self.num_transformer_encoder_layers,\n            mode=""inference"",\n        )\n\n        # Optionally load pretrained Transformer weights and freeze them\n        pretrained_path = config.get(\'pretrained_transformer_path\', \'\')\n        if pretrained_path and pretrained_path.lower() != \'none\':\n            self._load_pretrained_transformer(pretrained_path)\n\n        # Long-term trend extractor\n        self.long_term_trend_extractor = StackedDilatedConv(\n            self.transformer_hidden_dim, self.long_trend_hidden_dim\n        )\n\n        # Seasonality extractors\n        self.weekly_seasonality_extractor = DynamicGraphConv(\n            self.num_nodes, self.transformer_hidden_dim,\n            self.seasonality_hidden_dim, self.model_dropout\n        )\n        self.daily_seasonality_extractor = DynamicGraphConv(\n            self.num_nodes, self.transformer_hidden_dim,\n            self.seasonality_hidden_dim, self.model_dropout\n        )\n\n        # Short-term extractor (GraphWaveNet)\n        self.short_term_trend_extractor = _GraphWaveNet(\n            num_nodes=self.num_nodes,\n            supports=self.supports,\n            dropout=self.gwnet_dropout,\n            gcn_bool=self.gwnet_gcn_bool,\n            addaptadj=self.gwnet_addaptadj,\n            aptinit=None,\n            in_dim=self.gwnet_in_dim,\n            out_dim=self.gwnet_out_dim,\n            residual_channels=self.gwnet_residual_channels,\n            dilation_channels=self.gwnet_dilation_channels,\n            skip_channels=self.gwnet_skip_channels,\n            end_channels=self.gwnet_end_channels,\n            kernel_size=self.gwnet_kernel_size,\n            blocks=self.gwnet_blocks,\n            layers=self.gwnet_layers,\n        )\n\n        # Fusion MLPs\n        self.trend_seasonality_mlp = nn.Sequential(\n            nn.Linear(\n                self.long_trend_hidden_dim + self.seasonality_hidden_dim * 2,\n                self.mlp_hidden_dim\n            ),\n            nn.ReLU(),\n            nn.Linear(self.mlp_hidden_dim, self.mlp_hidden_dim),\n        )\n        self.mlp = nn.Sequential(\n            nn.Linear(\n                self.mlp_hidden_dim + self.gwnet_out_dim,\n                self.mlp_hidden_dim\n            ),\n            nn.ReLU(),\n            nn.Linear(self.mlp_hidden_dim, self.pre_len),\n        )\n\n    def _load_pretrained_transformer(self, path):\n        """"""Load pretrained Transformer weights and freeze parameters.""""""\n        if not os.path.isfile(path):\n            self._logger.warning(\n                \'Pretrained Transformer checkpoint not found at %s. \'\n                \'The Transformer will be trained from scratch.\', path\n            )\n            return\n        self._logger.info(\n            \'Loading pretrained Transformer from %s\', path\n        )\n        state_dict = torch.load(path, map_location=\'cpu\')\n        if \'model_state_dict\' in state_dict:\n            state_dict = state_dict[\'model_state_dict\']\n        self.transformer.load_state_dict(state_dict)\n        for param in self.transformer.parameters():\n            param.requires_grad = False\n        self._logger.info(\'Pretrained Transformer loaded and frozen.\')\n\n    def forward(self, batch):\n        """"""\n        Forward pass.\n\n        Args:\n            batch: dict with at least keys \'X\' and \'y\'.\n                batch[\'X\'] shape: (batch_size, input_window, num_nodes, feature_dim)\n                batch[\'y\'] shape: (batch_size, output_window, num_nodes, output_dim)\n\n        Returns:\n            output: (batch_size, output_window, num_nodes, 1)\n        """"""\n        x = batch[\'X\']  # (B, T, N, F)\n        batch_size = x.size(0)\n\n        # --- split short and long sequences ---\n        # short_x: last short_seq_len steps, shape (B, short_seq_len, N, F)\n        short_x = x[:, -self.short_seq_len:, :, :]\n\n        # long_x: last long_seq_len steps (or all available), shape (B, L, N, F)\n        if x.size(1) >= self.long_seq_len:\n            long_x = x[:, -self.long_seq_len:, :, :]\n        else:\n            long_x = x\n\n        # =====================================================================\n        # Long-term branch: Transformer + trend + seasonality\n        # =====================================================================\n        # Use only the first feature (traffic flow/speed) for the Transformer\n        # Original: long_x[..., [0]] then permute to (B, N, 1, L)\n        long_x_tsf = long_x[..., [0]]\n        long_x_tsf = long_x_tsf.permute(0, 2, 3, 1)\n        # long_x_tsf: (B, N, 1, L)\n\n        long_repr = self.transformer(long_x_tsf)\n        # long_repr: (B, N, num_subseq, transformer_hidden_dim)\n        num_subseq = long_repr.size(2)\n\n        # --- Long-term trend ---\n        # Reshape for 1-D convolution: (B*N, transformer_hidden_dim, num_subseq)\n        long_repr_flat = long_repr.reshape(\n            -1, num_subseq, self.transformer_hidden_dim\n        ).transpose(1, 2)\n        long_trend_hidden = self.long_term_trend_extractor(long_repr_flat)\n        # Take the last time step: (B*N, long_trend_hidden_dim)\n        long_trend_hidden = long_trend_hidden[:, :, -1]\n        # Reshape back: (B, N, long_trend_hidden_dim)\n        long_trend_hidden = long_trend_hidden.reshape(\n            batch_size, self.num_nodes, -1\n        )\n\n        # --- Weekly and daily seasonality ---\n        # last_week_repr: repr at index -(7*24+1) = position of 1 week ago\n        last_week_repr = long_repr[:, :, -7 * 24 - 1, :]\n        # last_day_repr: repr at index -25 = position of 1 day ago\n        last_day_repr = long_repr[:, :, -25, :]\n\n        weekly_hidden = self.weekly_seasonality_extractor(\n            last_week_repr, self.supports\n        )\n        daily_hidden = self.daily_seasonality_extractor(\n            last_day_repr, self.supports\n        )\n\n        # Fuse trend + seasonality\n        trend_seasonality_hidden = torch.cat(\n            (long_trend_hidden, weekly_hidden, daily_hidden), dim=-1\n        )\n        trend_seasonality_hidden = self.trend_seasonality_mlp(\n            trend_seasonality_hidden\n        )\n\n        # =====================================================================\n        # Short-term branch: GraphWaveNet\n        # =====================================================================\n        # Original expects (B, F, N, T)\n        short_x_gwnet = short_x.permute(0, 3, 1, 2)\n        # short_x_gwnet: (B, F, short_seq_len, N) -- but GWNet expects\n        # (B, F, N, T); original code does transpose(1,3) on (B,T,N,F)\n        # which yields (B,F,N,T).\n        short_x_gwnet = short_x.transpose(1, 3)\n        # short_x_gwnet: (B, F, N, T)\n\n        short_term_hidden = self.short_term_trend_extractor(short_x_gwnet)\n        # (B, gwnet_out_dim, N, 1)  -- squeeze last dim and transpose\n        short_term_hidden = short_term_hidden.squeeze(-1).transpose(1, 2)\n        # (B, N, gwnet_out_dim)\n\n        # =====================================================================\n        # Fusion and prediction\n        # =====================================================================\n        hidden = torch.cat(\n            (short_term_hidden, trend_seasonality_hidden), dim=-1\n        )\n        # (B, N, mlp_hidden_dim + gwnet_out_dim) -> (B, N, pre_len)\n        output = self.mlp(hidden)\n\n        # Reshape to LibCity convention: (B, output_window, N, 1)\n        output = output.transpose(1, 2).unsqueeze(-1)\n        return output\n\n    def predict(self, batch):\n        """"""\n        Return predictions for evaluation.  Shape: (B, output_window, N, output_dim).\n        """"""\n        return self.forward(batch)\n\n    def calculate_loss(self, batch):\n        """"""\n        Compute training loss (masked MAE on inverse-transformed values).\n        """"""\n        y_true = batch[\'y\']  # (B, output_window, N, output_dim)\n        y_predicted = self.predict(batch)\n\n        # Inverse-transform both prediction and ground truth\n        y_true = self._scaler.inverse_transform(y_true[..., :self.output_dim])\n        y_predicted = self._scaler.inverse_transform(y_predicted[..., :self.output_dim])\n\n        return loss.masked_mae_torch(y_predicted, y_true, 0)\n'}
2026-01-29 21:22:56 | INFO | Tool Read called with {'file_path': '/home/wangwenrui/shk/AgentCity/Bigscity-LibCity/libcity/model/traffic_flow_prediction/__init__.py'}
2026-01-29 21:23:01 | INFO | Tool Edit called with {'replace_all': False, 'file_path': '/home/wangwenrui/shk/AgentCity/Bigscity-LibCity/libcity/model/traffic_flow_prediction/__init__.py', 'old_string': 'from libcity.model.traffic_flow_prediction.FreTS import FreTS\n# from libcity.model.traffic_flow_prediction.LightST import LightST\n\n\n__all__ = [', 'new_string': 'from libcity.model.traffic_flow_prediction.FreTS import FreTS\nfrom libcity.model.traffic_flow_prediction.LSTTN import LSTTN\n# from libcity.model.traffic_flow_prediction.LightST import LightST\n\n\n__all__ = ['}
2026-01-29 21:23:06 | INFO | Tool Edit called with {'replace_all': False, 'file_path': '/home/wangwenrui/shk/AgentCity/Bigscity-LibCity/libcity/model/traffic_flow_prediction/__init__.py', 'old_string': '__all__ = [\n    ""FreTS"",\n    # ""LightST"",', 'new_string': '__all__ = [\n    ""FreTS"",\n    ""LSTTN"",\n    # ""LightST"",'}
2026-01-29 21:23:18 | INFO | Tool Write called with {'file_path': '/home/wangwenrui/shk/AgentCity/Bigscity-LibCity/libcity/config/model/traffic_state_pred/LSTTN.json', 'content': '{\n  ""input_window"": 4032,\n  ""output_window"": 12,\n  ""short_seq_len"": 12,\n  ""long_seq_len"": 4032,\n\n  ""transformer_hidden_dim"": 64,\n  ""transformer_dropout"": 0.1,\n  ""transformer_mask_ratio"": 0.75,\n  ""num_transformer_encoder_layers"": 4,\n\n  ""long_trend_hidden_dim"": 4,\n  ""seasonality_hidden_dim"": 4,\n  ""mlp_hidden_dim"": 128,\n  ""model_dropout"": 0.3,\n\n  ""gwnet_dropout"": 0.3,\n  ""gwnet_gcn_bool"": true,\n  ""gwnet_addaptadj"": true,\n  ""gwnet_in_dim"": 2,\n  ""gwnet_out_dim"": 128,\n  ""gwnet_residual_channels"": 32,\n  ""gwnet_dilation_channels"": 32,\n  ""gwnet_skip_channels"": 256,\n  ""gwnet_end_channels"": 512,\n  ""gwnet_kernel_size"": 2,\n  ""gwnet_blocks"": 4,\n  ""gwnet_layers"": 2,\n\n  ""adjtype"": ""doubletransition"",\n  ""pretrained_transformer_path"": """",\n\n  ""scaler"": ""standard"",\n  ""load_external"": false,\n  ""normal_external"": false,\n  ""ext_scaler"": ""none"",\n  ""add_time_in_day"": true,\n  ""add_day_in_week"": false,\n\n  ""max_epoch"": 100,\n  ""learner"": ""adam"",\n  ""learning_rate"": 0.005,\n  ""weight_decay"": 1e-5,\n  ""lr_epsilon"": 1e-8,\n\n  ""lr_decay"": true,\n  ""lr_scheduler"": ""multisteplr"",\n  ""steps"": [1, 18, 36, 54, 72],\n  ""lr_decay_ratio"": 0.5,\n\n  ""clip_grad_norm"": true,\n  ""max_grad_norm"": 3,\n  ""use_early_stop"": false\n}\n'}
2026-01-29 21:23:22 | INFO | Tool Read called with {'file_path': '/home/wangwenrui/shk/AgentCity/Bigscity-LibCity/libcity/model/traffic_flow_prediction/__init__.py'}
2026-01-29 21:23:26 | INFO | Tool Read called with {'file_path': '/home/wangwenrui/shk/AgentCity/Bigscity-LibCity/libcity/model/traffic_flow_prediction/LSTTN.py', 'limit': 100}
2026-01-29 21:23:27 | INFO | Tool Read called with {'file_path': '/home/wangwenrui/shk/AgentCity/Bigscity-LibCity/libcity/config/model/traffic_state_pred/LSTTN.json'}
2026-01-29 21:23:55 | INFO | Assistant: Great! The model adaptation is complete. Now proceeding to Phase 3: Configuration Migration.
2026-01-29 21:24:08 | INFO | Tool Task called with {'description': 'Create LSTTN LibCity configurations', 'prompt': 'Create and update LibCity configuration files for the migrated LSTTN model.\n\n**Model Information**:\n- Model Name: LSTTN\n- Task Type: traffic_state_pred (traffic flow forecasting)\n- Model file created at: Bigscity-LibCity/libcity/model/traffic_flow_prediction/LSTTN.py\n\n**Source Configuration** (from ./repos/LSTTN/configs/):\n- PEMS04, PEMS08, METR-LA, PEMS-BAY configs available\n- Example hyperparameters from PEMS04/forecasting.py:\n  - input_window: 4032 (long sequence)\n  - short_seq_len: 12\n  - output_window: 12\n  - transformer_hidden_dim: 96\n  - long_trend_hidden_dim: 32\n  - seasonality_hidden_dim: 32\n  - mlp_hidden_dim: 128\n  - dropout: 0.3\n  - gwnet parameters: out_dim=12, residual_channels=32, dilation_channels=32, etc.\n\n**Your Tasks**:\n1. Verify/update the model config JSON at: Bigscity-LibCity/libcity/config/model/traffic_state_pred/LSTTN.json\n   - Include all hyperparameters with paper-recommended defaults\n   - Set proper defaults for transformer, trend, seasonality, and GraphWaveNet components\n   \n2. Register LSTTN in task_config.json:\n   - File: Bigscity-LibCity/libcity/config/task_config.json\n   - Add ""LSTTN"" to the allowed models for traffic_state_pred task\n   - Verify it\'s in the correct task category\n\n3. Verify dataset compatibility:\n   - LSTTN requires long input sequences (4032 steps by default)\n   - Check if LibCity\'s standard datasets (METR_LA, PEMS_BAY, PEMS04, PEMS08) are listed\n   - Note any special data requirements in comments\n\n4. Create a complete configuration example showing recommended settings for running LSTTN\n\n**Reference**: The model-adapter already created an initial LSTTN.json configuration. Review and enhance it based on the original paper\'s hyperparameters.', 'subagent_type': 'config-migrator'}
2026-01-29 21:24:08 | INFO | Assistant: Create and update LibCity configuration files for the migrated LSTTN model.

**Model Information**:
- Model Name: LSTTN
- Task Type: traffic_state_pred (traffic flow forecasting)
- Model file created at: Bigscity-LibCity/libcity/model/traffic_flow_prediction/LSTTN.py

**Source Configuration** (from ./repos/LSTTN/configs/):
- PEMS04, PEMS08, METR-LA, PEMS-BAY configs available
- Example hyperparameters from PEMS04/forecasting.py:
  - input_window: 4032 (long sequence)
  - short_seq_len: 12
  - output_window: 12
  - transformer_hidden_dim: 96
  - long_trend_hidden_dim: 32
  - seasonality_hidden_dim: 32
  - mlp_hidden_dim: 128
  - dropout: 0.3
  - gwnet parameters: out_dim=12, residual_channels=32, dilation_channels=32, etc.

**Your Tasks**:
1. Verify/update the model config JSON at: Bigscity-LibCity/libcity/config/model/traffic_state_pred/LSTTN.json
   - Include all hyperparameters with paper-recommended defaults
   - Set proper defaults for transformer, trend, seasonality, and GraphWaveNet components

2. Register LSTTN in task_config.json:
   - File: Bigscity-LibCity/libcity/config/task_config.json
   - Add ""LSTTN"" to the allowed models for traffic_state_pred task
   - Verify it's in the correct task category

3. Verify dataset compatibility:
   - LSTTN requires long input sequences (4032 steps by default)
   - Check if LibCity's standard datasets (METR_LA, PEMS_BAY, PEMS04, PEMS08) are listed
   - Note any special data requirements in comments

4. Create a complete configuration example showing recommended settings for running LSTTN

**Reference**: The model-adapter already created an initial LSTTN.json configuration. Review and enhance it based on the original paper's hyperparameters.
2026-01-29 21:24:12 | INFO | Tool Read called with {'file_path': '/home/wangwenrui/shk/AgentCity/Bigscity-LibCity/libcity/config/model/traffic_state_pred/LSTTN.json'}
2026-01-29 21:24:12 | INFO | Tool Read called with {'file_path': '/home/wangwenrui/shk/AgentCity/Bigscity-LibCity/libcity/config/task_config.json'}
2026-01-29 21:24:13 | INFO | Tool Read called with {'file_path': '/home/wangwenrui/shk/AgentCity/Bigscity-LibCity/libcity/model/traffic_flow_prediction/LSTTN.py'}
2026-01-29 21:24:14 | INFO | Tool Glob called with {'pattern': 'repos/LSTTN/configs/**/*.py'}
2026-01-29 21:24:19 | INFO | Tool Read called with {'file_path': '/home/wangwenrui/shk/AgentCity/repos/LSTTN/configs/PEMS04/forecasting.py'}
2026-01-29 21:24:20 | INFO | Tool Read called with {'file_path': '/home/wangwenrui/shk/AgentCity/repos/LSTTN/configs/METR-LA/forecasting.py'}
2026-01-29 21:24:20 | INFO | Tool Read called with {'file_path': '/home/wangwenrui/shk/AgentCity/repos/LSTTN/configs/PEMS08/forecasting.py'}
2026-01-29 21:24:24 | INFO | Tool Glob called with {'pattern': 'Bigscity-LibCity/libcity/config/data/*.json'}
2026-01-29 21:24:29 | INFO | Tool Read called with {'file_path': '/home/wangwenrui/shk/AgentCity/Bigscity-LibCity/libcity/config/data/TrafficStatePointDataset.json'}
2026-01-29 21:24:52 | INFO | Assistant: Perfect! The configuration has been set up. Now proceeding to Phase 4: Testing.
2026-01-29 21:24:59 | INFO | Tool Task called with {'description': 'Test LSTTN migration', 'prompt': 'Run tests for the migrated LSTTN model and diagnose any issues.\n\n**Model Information**:\n- Model: LSTTN\n- Task: traffic_state_pred\n- Model file: Bigscity-LibCity/libcity/model/traffic_flow_prediction/LSTTN.py\n- Config file: Bigscity-LibCity/libcity/config/model/traffic_state_pred/LSTTN.json\n\n**Test Parameters**:\n- Use a standard LibCity dataset (recommend METR_LA or PEMS04)\n- Run with minimal epochs for quick validation (e.g., max_epoch=1)\n- Important: LSTTN requires long input sequences (input_window=4032 by default for long-term patterns)\n\n**Your Tasks**:\n1. Run the test_migration tool or equivalent LibCity test command for LSTTN\n2. Configure test with:\n   - Model: LSTTN\n   - Dataset: METR_LA (or PEMS04 if available)\n   - Minimal training settings for validation\n   - Ensure input_window is set appropriately (may need to reduce from 4032 if data is limited)\n3. Capture and analyze any errors:\n   - Import errors\n   - Shape mismatches\n   - Missing parameters\n   - Data loading issues\n   - CUDA/device issues\n4. If successful, report:\n   - Test metrics (MAE, RMSE, MAPE)\n   - Training time\n   - Memory usage if available\n5. If failed, provide detailed error diagnosis:\n   - Full error traceback\n   - Root cause analysis\n   - Recommended fixes\n\n**Note**: The model may need adjustments for input sequence length based on available dataset size.', 'subagent_type': 'migration-tester'}
2026-01-29 21:25:00 | INFO | Assistant: Run tests for the migrated LSTTN model and diagnose any issues.

**Model Information**:
- Model: LSTTN
- Task: traffic_state_pred
- Model file: Bigscity-LibCity/libcity/model/traffic_flow_prediction/LSTTN.py
- Config file: Bigscity-LibCity/libcity/config/model/traffic_state_pred/LSTTN.json

**Test Parameters**:
- Use a standard LibCity dataset (recommend METR_LA or PEMS04)
- Run with minimal epochs for quick validation (e.g., max_epoch=1)
- Important: LSTTN requires long input sequences (input_window=4032 by default for long-term patterns)

**Your Tasks**:
1. Run the test_migration tool or equivalent LibCity test command for LSTTN
2. Configure test with:
   - Model: LSTTN
   - Dataset: METR_LA (or PEMS04 if available)
   - Minimal training settings for validation
   - Ensure input_window is set appropriately (may need to reduce from 4032 if data is limited)
3. Capture and analyze any errors:
   - Import errors
   - Shape mismatches
   - Missing parameters
   - Data loading issues
   - CUDA/device issues
4. If successful, report:
   - Test metrics (MAE, RMSE, MAPE)
   - Training time
   - Memory usage if available
5. If failed, provide detailed error diagnosis:
   - Full error traceback
   - Root cause analysis
   - Recommended fixes

**Note**: The model may need adjustments for input sequence length based on available dataset size.
2026-01-29 21:25:03 | INFO | Tool Read called with {'file_path': '/home/wangwenrui/shk/AgentCity/Bigscity-LibCity/libcity/model/traffic_flow_prediction/LSTTN.py'}
2026-01-29 21:25:03 | INFO | Tool Read called with {'file_path': '/home/wangwenrui/shk/AgentCity/Bigscity-LibCity/libcity/config/model/traffic_state_pred/LSTTN.json'}
2026-01-29 21:25:08 | INFO | Tool Read called with {'file_path': '/home/wangwenrui/shk/AgentCity/Bigscity-LibCity/libcity/model/traffic_flow_prediction/__init__.py'}
2026-01-29 21:25:09 | INFO | Tool Bash called with {'command': 'ls -la /home/wangwenrui/shk/AgentCity/Bigscity-LibCity/raw_data/ 2>/dev/null | head -30', 'description': 'List available datasets in raw_data directory'}
2026-01-29 21:25:16 | INFO | Tool Bash called with {'command': 'ls -la /home/wangwenrui/shk/AgentCity/Bigscity-LibCity/raw_data/METR_LA/', 'description': 'List METR_LA dataset files'}
2026-01-29 21:25:17 | INFO | Tool Read called with {'file_path': '/home/wangwenrui/shk/AgentCity/batch_logs/LSTTN_migration.log'}
2026-01-29 21:25:21 | INFO | Tool Read called with {'file_path': '/home/wangwenrui/shk/AgentCity/batch_logs/LSTTN_migration.log', 'offset': 1, 'limit': 200}
2026-01-29 21:25:22 | INFO | Tool Bash called with {'command': 'ls -la /home/wangwenrui/shk/AgentCity/Bigscity-LibCity/*.py | head -10', 'description': 'List Python scripts in LibCity directory'}
2026-01-29 21:25:30 | INFO | Tool Read called with {'file_path': '/home/wangwenrui/shk/AgentCity/Bigscity-LibCity/run_model.py'}
2026-01-29 21:25:37 | INFO | Tool Bash called with {'command': 'cd /home/wangwenrui/shk/AgentCity/Bigscity-LibCity && python run_model.py --task traffic_state_pred --model LSTTN --dataset METR_LA --max_epoch 1 --batch_size 4 --input_window 168 --long_seq_len 168 --gpu_id 0 2>&1 | head -200', 'description': 'Run LSTTN model test with reduced input_window for quick validation', 'timeout': 300000}
2026-01-29 21:25:49 | INFO | Tool Bash called with {'command': 'cd /home/wangwenrui/shk/AgentCity/Bigscity-LibCity && python run_model.py --task traffic_state_pred --model LSTTN --dataset METR_LA --max_epoch 1 --batch_size 4 --gpu_id 0 2>&1 | head -300', 'description': 'Run LSTTN with default config for quick validation', 'timeout': 300000}
Fatal error in message reader: Command failed with exit code -1 (exit code: -1)
Error output: Check stderr output for details
Fatal error in message reader: Command failed with exit code -1 (exit code: -1)
Error output: Check stderr output for details
Traceback (most recent call last):
  File ""<string>"", line 17, in <module>
  File ""/home/wangwenrui/opt/miniconda3/envs/autogen/lib/python3.10/asyncio/runners.py"", line 44, in run
    return loop.run_until_complete(main)
  File ""/home/wangwenrui/opt/miniconda3/envs/autogen/lib/python3.10/asyncio/base_events.py"", line 649, in run_until_complete
    return future.result()
  File ""<string>"", line 15, in run
  File ""/home/wangwenrui/shk/AgentCity/agents/core/orchestrator.py"", line 127, in run_migration
    await self.run_migration_sequence(selected_papers)
  File ""/home/wangwenrui/shk/AgentCity/agents/core/orchestrator.py"", line 135, in run_migration_sequence
    await self.run_workflows(
  File ""/home/wangwenrui/shk/AgentCity/agents/core/orchestrator.py"", line 107, in run_workflows
    await pipeline.run()
  File ""/home/wangwenrui/shk/AgentCity/agents/core/pipeline.py"", line 50, in run
    await self._run_multi_agent_stage(stage, workflow.name)
  File ""/home/wangwenrui/shk/AgentCity/agents/core/pipeline.py"", line 154, in _run_multi_agent_stage
    async for message in client.receive_response():
  File ""/home/wangwenrui/opt/miniconda3/envs/autogen/lib/python3.10/site-packages/claude_agent_sdk/client.py"", line 315, in receive_response
    async for message in self.receive_messages():
  File ""/home/wangwenrui/opt/miniconda3/envs/autogen/lib/python3.10/site-packages/claude_agent_sdk/client.py"", line 167, in receive_messages
    async for data in self._query.receive_messages():
  File ""/home/wangwenrui/opt/miniconda3/envs/autogen/lib/python3.10/site-packages/claude_agent_sdk/_internal/query.py"", line 532, in receive_messages
    raise Exception(message.get(""error"", ""Unknown error""))
Exception: Command failed with exit code -1 (exit code: -1)
Error output: Check stderr output for details",N/A,,,,,
AutoSTF,METR-LA,KDD,2025,3.35,7.09,9.58,,,,91204.0,Failed,success,N/A,19.289666,,,,
STSSDL,METR-LA,NeurIPS,2025,3.37,7.17,9.48,56.88369369506836,58.46873474121094,0.9819987416267396,83067.0,Success,success,N/A,3173.535602,53.51369369506836,1587.943433088082,51.298734741210936,715.4635249820215
LightST,PEMSD7,AAAI,2025,20.78,33.95,8.98,25.232290267944336,39.16226577758789,0.1214983314275741,70943.0,Success,success,N/A,988.227828,4.452290267944335,21.42584344535291,5.212265777587888,15.352771068005557
